{"metadata":{"asset_id":"df537f1d-eb17-4257-b046-ada270c316e8","asset_attributes":["notebook"],"name":"Applied Data Science Capstone","asset_type":"notebook","created_at":"2020-10-04T07:04:35Z","description":"Applied Data Science Capstone -IBM - Week 1","origin_country":"us","owner_id":"IBMid-550008J6M6","project_id":"26f1b68f-2760-494e-b8bc-13801f0470de","size":207,"tags":["notebook"],"usage":{"last_update_time":1601872974270,"last_updated_at":"2020-10-05T04:42:54Z"}},"entity":{"notebook":{"kernel":{"name":"python3","display_name":"Python 3.6","language":"python"},"originates_from":{"type":"blank"},"runtime":{"environment":"conda2py36-26f1b68f-2760-494e-b8bc-13801f0470de"}}},"attachments":[{"id":"246eda46-7de8-4183-a5b5-380f15dc9019","version":2,"asset_type":"notebook","name":"attachment for notebook df537f1d-eb17-4257-b046-ada270c316e8","description":"attachment for notebook df537f1d-eb17-4257-b046-ada270c316e8","mime":"application/json","datasource_type":"193a97c1-4475-4a19-b90c-295c4fdc6517","object_key":"notebook/Applied_Data_Science_Capstone_TJgTHCaDQ.ipynb","creator_id":"IBMid-550008J6M6","create_time":1601795076713,"size":207,"is_remote":false,"is_managed":false,"is_referenced":true,"is_object_key_read_only":false,"is_user_provided_path_key":true,"transfer_complete":true,"is_partitioned":false,"complete_time_ticks":1601795076713,"user_data":{},"test_doc":0,"handle":{"bucket":"applieddatasciencecapstone-donotdelete-pr-aoqvsbk7mayzso","location":"eu-geo","key":"notebook/Applied_Data_Science_Capstone_TJgTHCaDQ.ipynb","upload_id":"done","max_part_num":1},"usage":{"access_count":0,"last_accessor_id":"IBMid-550008J6M6","last_access_time":1601795076713}}]}
